name,image,reviewCount,rating,price,type_list,address,link,source
Papelli,https://media-cdn.tripadvisor.com/media/photo-f/07/06/fb/3a/pizza-parma.jpg,696,4.5,€€ - €€€,"[""Italienne"", ""Pizza"", ""Végétariens bienvenus"", ""Choix végétaliens""]","74 rue du Faubourg Saint Denis, 75010 Paris, France",https://www.tripadvisor.fr/Restaurant_Review-g187147-d5808950-Reviews-Papelli-Paris_Ile_de_France.html,Tripadvisor
Papelli,https://media-cdn.tripadvisor.com/media/photo-f/0a/47/04/a7/pizza-artichaut.jpg,238,4.5,€€ - €€€,"[""Pizza"", ""Italienne"", ""Européenne"", ""Végétariens bienvenus"", ""Choix végétaliens""]","61 rue du Faubourg Saint Martin, 75010 Paris, France",https://www.tripadvisor.fr/Restaurant_Review-g187147-d9813646-Reviews-Papelli-Paris_Ile_de_France.html,Tripadvisor
Les Rupins,https://media-cdn.tripadvisor.com/media/photo-i/11/ff/77/49/2018-02-08-18-50-25-largejpg.jpg,547,4.5,€€ - €€€,"[""Steakhouse"", ""Française"", ""Internationale"", ""Européenne"", ""Végétariens bienvenus"", ""Choix végétaliens"", ""Plats sans gluten""]","35 boulevard de Magenta | Angle Boulevard de Magenta et Rue de Nancy, 75010 Paris, France",https://www.tripadvisor.fr/Restaurant_Review-g187147-d8299272-Reviews-Les_Rupins-Paris_Ile_de_France.html,Tripadvisor
Assanabel,https://media-cdn.tripadvisor.com/media/photo-i/12/0d/3a/c1/reservez-facilement-une.jpg,321,4.5,€€ - €€€,"[""Libanaise"", ""Méditerranéenne"", ""Saine"", ""Moyen-Orient"", ""Végétariens bienvenus"", ""Choix végétaliens"", ""Halal"", ""Plats sans gluten""]","6 Rue Pierre Chausson, 75010 Paris, France",https://www.tripadvisor.fr/Restaurant_Review-g187147-d1019499-Reviews-Assanabel_Paris-Paris_Ile_de_France.html,Tripadvisor
Pratolina,https://media-cdn.tripadvisor.com/media/photo-f/11/99/10/23/pratolina-rez-de-chaussee.jpg,199,4.5,€€ - €€€,"[""Italienne"", ""Méditerranéenne"", ""Européenne"", ""Végétariens bienvenus"", ""Choix végétaliens""]","11 boulevard de Bonne Nouvelle | Transports en commun Metro Bonne nouvelle M8 et M9 Sortie 5, 75002 Paris, France",https://www.tripadvisor.fr/Restaurant_Review-g187147-d12347819-Reviews-Pratolina-Paris_Ile_de_France.html,Tripadvisor
BMK Paris-Bamako,https://media-cdn.tripadvisor.com/media/photo-i/11/fc/fc/59/bmk.jpg,91,4.5,€€ - €€€,"[""Africaine"", ""Café"", ""Marocaine"", ""Méditerranéenne"", ""Végétariens bienvenus""]","14 rue de la Fidelite, 75010 Paris, France",https://www.tripadvisor.fr/Restaurant_Review-g187147-d12728905-Reviews-BMK_Paris_Bamako-Paris_Ile_de_France.html,Tripadvisor
Kashmir House,https://media-cdn.tripadvisor.com/media/photo-f/02/64/99/ea/filename-img-2191-jpg.jpg,978,4.5,€€ - €€€,"[""Indienne"", ""Asiatique"", ""Pakistanaise"", ""Végétariens bienvenus"", ""Choix végétaliens"", ""Halal""]","36 rue de Chabrol, 75010 Paris, France",https://www.tripadvisor.fr/Restaurant_Review-g187147-d2305219-Reviews-Kashmir_House-Paris_Ile_de_France.html,Tripadvisor
Urfa Dürüm,https://media-cdn.tripadvisor.com/media/photo-f/09/f5/aa/4d/urfa-durum.jpg,225,4.5,€,"[""Restauration rapide"", ""Turque"", ""Moyen-Orient"", ""Végétariens bienvenus""]","10th 56 rue du Faubourg Saint Denis, 75010 Paris, France",https://www.tripadvisor.fr/Restaurant_Review-g187147-d4590249-Reviews-Urfa_Durum-Paris_Ile_de_France.html,Tripadvisor
La Maison Bleue,https://media-cdn.tripadvisor.com/media/photo-f/07/d5/62/7e/la-maison-bleue.jpg,541,4.0,€€ - €€€,"[""Française"", ""Européenne"", ""Végétariens bienvenus""]","7 Place Franz Liszt | Metro Poissonniere, 75010 Paris, France",https://www.tripadvisor.fr/Restaurant_Review-g187147-d8027293-Reviews-La_Maison_Bleue-Paris_Ile_de_France.html,Tripadvisor
Sette Pizza,https://media-cdn.tripadvisor.com/media/photo-f/07/6f/3f/1a/sette-pizza.jpg,253,4.5,€,"[""Italienne"", ""Pizza"", ""Européenne"", ""Végétariens bienvenus"", ""Choix végétaliens""]","38 Rue du Faubourg Saint-Denis, 75010 Paris, France",https://www.tripadvisor.fr/Restaurant_Review-g187147-d7158619-Reviews-Sette_Pizza-Paris_Ile_de_France.html,Tripadvisor
Pleine Mer,https://media-cdn.tripadvisor.com/media/photo-i/11/7a/af/c7/photo3jpg.jpg,94,4.5,€€ - €€€,"[""Française"", ""Fruits de mer & Poisson""]","22 rue de Chabrol, 75010 Paris, France",https://www.tripadvisor.fr/Restaurant_Review-g187147-d3833388-Reviews-Pleine_Mer-Paris_Ile_de_France.html,Tripadvisor
Jah Jah By Le Tricycle,https://media-cdn.tripadvisor.com/media/photo-i/0f/8a/49/81/jah-jah.jpg,85,4.5,€,"[""Végétariens bienvenus"", ""Choix végétaliens"", ""Plats sans gluten""]","11 rue des Petites Ecuries, 75010 Paris, France",https://www.tripadvisor.fr/Restaurant_Review-g187147-d12516701-Reviews-Jah_Jah_By_Le_Tricycle-Paris_Ile_de_France.html,Tripadvisor
La Villa Andrea,https://media-cdn.tripadvisor.com/media/photo-i/0e/3d/c3/74/photo0jpg.jpg,322,4.0,€€ - €€€,"[""Italienne"", ""Pizza"", ""Méditerranéenne"", ""Européenne"", ""Végétariens bienvenus"", ""Choix végétaliens""]","109 boulevard de Magenta, 75010 Paris, France",https://www.tripadvisor.fr/Restaurant_Review-g187147-d2194354-Reviews-La_Villa_Andrea-Paris_Ile_de_France.html,Tripadvisor
Paris New York Fbg St-Denis,https://media-cdn.tripadvisor.com/media/photo-f/03/f1/95/06/paris-new-york.jpg,622,4.0,€€ - €€€,"[""Américaine""]","50 rue du Faubourg Saint Denis, 75010 Paris, France",https://www.tripadvisor.fr/Restaurant_Review-g187147-d3726812-Reviews-Paris_New_York-Paris_Ile_de_France.html,Tripadvisor
Distrito Frances,https://media-cdn.tripadvisor.com/media/photo-f/0b/85/0f/eb/power-to-the-tacos.jpg,229,4.0,€€ - €€€,"[""Mexicaine"", ""Latino"", ""Végétariens bienvenus"", ""Choix végétaliens"", ""Plats sans gluten""]","10, Rue du Faubourg Saint Martin, 75010 Paris, France",https://www.tripadvisor.fr/Restaurant_Review-g187147-d8143212-Reviews-Distrito_Frances-Paris_Ile_de_France.html,Tripadvisor
ToTon,https://media-cdn.tripadvisor.com/media/photo-i/0d/9a/fe/a2/toton.jpg,68,5.0,€,"[""Italienne"", ""Méditerranéenne"", ""Européenne"", ""Végétariens bienvenus""]","82 rue Rene Boulanger, 75010 Paris, France",https://www.tripadvisor.fr/Restaurant_Review-g187147-d10506083-Reviews-ToTon-Paris_Ile_de_France.html,Tripadvisor
Mazzucco,https://media-cdn.tripadvisor.com/media/photo-f/09/59/54/06/mazzucco.jpg,105,4.5,€€ - €€€,"[""Italienne"", ""Pizza"", ""Végétariens bienvenus""]","7 Rue d'Enghien, 75010 Paris, France",https://www.tripadvisor.fr/Restaurant_Review-g187147-d7256491-Reviews-Mazzucco-Paris_Ile_de_France.html,Tripadvisor
Le daily syrien,https://media-cdn.tripadvisor.com/media/photo-f/0a/0c/4d/48/le-daily-syrien.jpg,136,4.5,€,"[""Libanaise"", ""Méditerranéenne"", ""Moyen-Orient"", ""Végétariens bienvenus"", ""Choix végétaliens""]","55 Rue du Faubourg, 75010 Paris, France",https://www.tripadvisor.fr/Restaurant_Review-g187147-d3670418-Reviews-Le_daily_syrien-Paris_Ile_de_France.html,Tripadvisor
Piccola Italia,https://media-cdn.tripadvisor.com/media/photo-s/04/33/d8/ce/piccola-italia.jpg,163,4.5,€€ - €€€,"[""Italienne"", ""Européenne""]","4 rue de Saint Quentin, 75010 Paris, France",https://www.tripadvisor.fr/Restaurant_Review-g187147-d2244673-Reviews-Piccola_Italia-Paris_Ile_de_France.html,Tripadvisor
Yasmin,https://media-cdn.tripadvisor.com/media/photo-s/06/97/97/4a/mixed-grill.jpg,237,4.0,€,"[""Indienne"", ""Végétariens bienvenus"", ""Choix végétaliens"", ""Halal""]","71 Passage Brady, 75010 Paris, France",https://www.tripadvisor.fr/Restaurant_Review-g187147-d6886183-Reviews-Yasmin-Paris_Ile_de_France.html,Tripadvisor
Ciacco,https://media-cdn.tripadvisor.com/media/photo-i/02/1e/fb/b3/esterno.jpg,153,4.0,€€ - €€€,"[""Italienne"", ""Pizza"", ""Méditerranéenne"", ""Européenne"", ""Végétariens bienvenus"", ""Choix végétaliens""]","9 rue Rene Boulanger, 75010 Paris, France",https://www.tripadvisor.fr/Restaurant_Review-g187147-d2001962-Reviews-Ciacco-Paris_Ile_de_France.html,Tripadvisor
Chez Ann Rive Droite,https://media-cdn.tripadvisor.com/media/photo-i/10/0a/95/93/chez-ann.jpg,103,4.5,€,"[""Chinoise"", ""Asiatique"", ""Végétariens bienvenus"", ""Choix végétaliens"", ""Plats sans gluten""]","29 Rue de l' Echiquier | 29 Rue De L'échiquier, 75010 Paris, France",https://www.tripadvisor.fr/Restaurant_Review-g187147-d8660539-Reviews-Chez_Ann_Rive_Droite-Paris_Ile_de_France.html,Tripadvisor
Pizza Grill Istanbul,https://media-cdn.tripadvisor.com/media/photo-s/05/f1/6c/c0/pizza-grill-istanbul.jpg,160,4.5,€€ - €€€,"[""Méditerranéenne"", ""Barbecue/Grillades"", ""Turque"", ""Moyen-Orient"", ""Végétariens bienvenus"", ""Halal""]","66 rue du Faubourg Saint Denis, 75010 Paris, France",https://www.tripadvisor.fr/Restaurant_Review-g187147-d2243846-Reviews-Pizza_Grill_Istanbul-Paris_Ile_de_France.html,Tripadvisor
Elaichi Indian Street Food,https://media-cdn.tripadvisor.com/media/photo-f/0b/79/a7/13/photo1jpg.jpg,50,4.5,€,"[""Indienne"", ""Végétariens bienvenus"", ""Choix végétaliens"", ""Plats sans gluten""]","7 rue du Faubourg Saint Martin, 75010 Paris, France",https://www.tripadvisor.fr/Restaurant_Review-g187147-d10359557-Reviews-Elaichi_Indian_Street_Food-Paris_Ile_de_France.html,Tripadvisor
Terminus Nord,https://media-cdn.tripadvisor.com/media/photo-f/11/af/75/fb/terrasse-terminus-nord.jpg,1,4.0,€€ - €€€,"[""Française"", ""Fruits de mer & Poisson"", ""Européenne"", ""Végétariens bienvenus""]","23 Rue de Dunkerque | 23,rue de Dunkerque, 75010 Paris, France",https://www.tripadvisor.fr/Restaurant_Review-g187147-d719935-Reviews-Terminus_Nord-Paris_Ile_de_France.html,Tripadvisor
Fédération Française de L'Apéritif,https://media-cdn.tripadvisor.com/media/photo-i/12/36/4b/9f/terrasse.jpg,54,5.0,€€ - €€€,"[""Française""]","2 Rue de Paradis | 2, rue de Paradis, 75010 Paris, France",https://www.tripadvisor.fr/Restaurant_Review-g187147-d12157259-Reviews-Federation_Francaise_de_L_Aperitif-Paris_Ile_de_France.html,Tripadvisor
Nanashi,https://media-cdn.tripadvisor.com/media/photo-f/05/3c/e5/e1/pavlova.jpg,147,4.0,€€ - €€€,"[""Japonaise"", ""Asiatique"", ""Fusion"", ""Végétariens bienvenus"", ""Plats sans gluten"", ""Choix végétaliens""]","31 rue de Paradis, 75010 Paris, France",https://www.tripadvisor.fr/Restaurant_Review-g187147-d5555950-Reviews-Nanashi-Paris_Ile_de_France.html,Tripadvisor
Aux Cedres du Nord,https://media-cdn.tripadvisor.com/media/photo-f/07/9b/b6/32/voici-de-quoi-rassasier.jpg,96,4.5,€€ - €€€,"[""Libanaise"", ""Méditerranéenne"", ""Moyen-Orient"", ""Choix végétaliens"", ""Végétariens bienvenus""]","153 Rue La Fayette, 75010 Paris, France",https://www.tripadvisor.fr/Restaurant_Review-g187147-d1598817-Reviews-Aux_Cedres_du_Nord-Paris_Ile_de_France.html,Tripadvisor
Pooja Namo,https://media-cdn.tripadvisor.com/media/photo-f/03/44/eb/a1/pooja-restaurant.jpg,182,4.0,€€ - €€€,"[""Indienne"", ""Végétariens bienvenus"", ""Choix végétaliens""]","91 Passage Brady, 75010 Paris, France",https://www.tripadvisor.fr/Restaurant_Review-g187147-d719845-Reviews-Pooja_Namo-Paris_Ile_de_France.html,Tripadvisor
Le Petit Marcel Burger,https://media-cdn.tripadvisor.com/media/photo-s/07/3d/83/01/le-vespa.jpg,46,4.5,€,[],"9 rue de Lancry, 75010 Paris, France",https://www.tripadvisor.fr/Restaurant_Review-g187147-d7220747-Reviews-Le_Petit_Marcel_Burger-Paris_Ile_de_France.html,Tripadvisor
YUMMY Asian Food,https://media-cdn.tripadvisor.com/media/photo-i/0d/dd/bd/97/facade.jpg,425,3.5,€,"[""Chinoise"", ""Japonaise"", ""Sushi"", ""Asiatique"", ""Végétariens bienvenus"", ""Choix végétaliens""]","8 rue du 8 Mai 1945, 75010 Paris, France",https://www.tripadvisor.fr/Restaurant_Review-g187147-d5787649-Reviews-YUMMY_Asian_Food-Paris_Ile_de_France.html,Tripadvisor
Chiche Houmoussiya,https://media-cdn.tripadvisor.com/media/photo-i/11/14/10/87/houmous-lemonana-pita.jpg,32,4.5,€€ - €€€,"[""Végétariens bienvenus"", ""Choix végétaliens""]","29 Bis Rue du Château d'Eau, 75010 Paris, France",https://www.tripadvisor.fr/Restaurant_Review-g187147-d12992765-Reviews-Chiche-Paris_Ile_de_France.html,Tripadvisor
Le Fil Rouge Café,https://media-cdn.tripadvisor.com/media/photo-f/03/51/be/23/le-fil-rouge-cafe.jpg,232,4.0,€€ - €€€,"[""Américaine""]","3 rue René Boulanger, 75010 Paris, France",https://www.tripadvisor.fr/Restaurant_Review-g187147-d3309204-Reviews-Le_Fil_Rouge_Cafe-Paris_Ile_de_France.html,Tripadvisor
La Dispensa,https://media-cdn.tripadvisor.com/media/photo-f/07/51/40/9d/la-vitrine.jpg,41,4.5,€€ - €€€,"[""Italienne"", ""Méditerranéenne""]","9 rue Taylor, 75010 Paris, France",https://www.tripadvisor.fr/Restaurant_Review-g187147-d7649592-Reviews-La_Dispensa-Paris_Ile_de_France.html,Tripadvisor
New Delhi Palace,https://media-cdn.tripadvisor.com/media/photo-f/12/f0/76/87/dishes-presentation.jpg,87,4.0,€€ - €€€,"[""Indienne"", ""Végétariens bienvenus""]","13 Rue de Valenciennes, 75010 Paris, France",https://www.tripadvisor.fr/Restaurant_Review-g187147-d8328239-Reviews-New_Delhi_Palace-Paris_Ile_de_France.html,Tripadvisor
Nous Paradis,https://media-cdn.tripadvisor.com/media/photo-i/0d/6c/8a/3e/nous-bol-boeuf-sauce.jpg,71,4.5,€€ - €€€,"[""Végétariens bienvenus"", ""Plats sans gluten""]","rue de Paradis | 16 rue de Paradis, 75010 Paris, France",https://www.tripadvisor.fr/Restaurant_Review-g187147-d7990468-Reviews-Nous_Paradis-Paris_Ile_de_France.html,Tripadvisor
Lucky Luciano Pizza,https://media-cdn.tripadvisor.com/media/photo-f/0d/8d/97/ea/facade-lucky-luciano.jpg,283,4.0,€€ - €€€,"[""Italienne"", ""Pizza"", ""Végétariens bienvenus""]","1, Cour des Petites Ecuries, 75010 Paris, France",https://www.tripadvisor.fr/Restaurant_Review-g187147-d3168600-Reviews-Lucky_Luciano_Pizza-Paris_Ile_de_France.html,Tripadvisor
Mamie Burger Faubourg Saint Denis,https://media-cdn.tripadvisor.com/media/photo-f/0b/92/29/61/mamie-burger.jpg,146,4.0,€€ - €€€,"[""Américaine"", ""Européenne"", ""Française"", ""Végétariens bienvenus""]","75 Rue du Faubourg Saint Denis, 75010 Paris, France",https://www.tripadvisor.fr/Restaurant_Review-g187147-d10047585-Reviews-Mamie_Burger_Faubourg_Saint_Denis-Paris_Ile_de_France.html,Tripadvisor
Tresor De Kashmir,https://media-cdn.tripadvisor.com/media/photo-f/0a/66/9a/dc/tresor-de-kashmir.jpg,85,4.0,€€ - €€€,"[""Indienne"", ""Végétariens bienvenus"", ""Choix végétaliens""]","6 Passage Brady, 75010 Paris, France",https://www.tripadvisor.fr/Restaurant_Review-g187147-d9451795-Reviews-Tresor_De_Kashmir-Paris_Ile_de_France.html,Tripadvisor
SushiRama,https://media-cdn.tripadvisor.com/media/photo-i/0d/6e/84/12/getlstd-property-photo.jpg,45,4.5,€€ - €€€,"[""Japonaise"", ""Sushi""]","95 Rue du Faubourg Saint Martin, 75010 Paris, France",https://www.tripadvisor.fr/Restaurant_Review-g187147-d7619336-Reviews-SushiRama-Paris_Ile_de_France.html,Tripadvisor
Chez LIN,https://media-cdn.tripadvisor.com/media/photo-f/06/79/a6/78/chez-lin.jpg,68,4.5,€,"[""Chinoise"", ""Végétariens bienvenus""]","57 bis rue de Chabrol | 57 bis rue de Chabrol, 75010 Paris, France",https://www.tripadvisor.fr/Restaurant_Review-g187147-d6570874-Reviews-Chez_LIN-Paris_Ile_de_France.html,Tripadvisor
passage de pondichery,https://media-cdn.tripadvisor.com/media/photo-f/04/a8/ba/88/passage-de-pondichery.jpg,124,4.0,€€ - €€€,"[""Indienne"", ""Asiatique"", ""Végétariens bienvenus"", ""Choix végétaliens""]","84 Passage Brady, 75010 Paris, France",https://www.tripadvisor.fr/Restaurant_Review-g187147-d785358-Reviews-Passage_de_pondichery-Paris_Ile_de_France.html,Tripadvisor
Da Mimmo,https://media-cdn.tripadvisor.com/media/photo-f/02/ce/ed/46/da-mimmo.jpg,204,4.0,€€ - €€€,"[""Italienne"", ""Méditerranéenne"", ""Européenne"", ""Pizza"", ""Végétariens bienvenus""]","Republique 39 boulevard de Magenta, 75010 Paris, France",https://www.tripadvisor.fr/Restaurant_Review-g187147-d715034-Reviews-Da_Mimmo-Paris_Ile_de_France.html,Tripadvisor
AVESTA RESTAURANT,https://media-cdn.tripadvisor.com/media/photo-i/0f/41/bc/e0/20170512-205734-largejpg.jpg,31,4.5,€,"[""Végétariens bienvenus""]","15 rue d Enghien, 75010 Paris, France",https://www.tripadvisor.fr/Restaurant_Review-g187147-d5850350-Reviews-AVESTA_RESTAURANT-Paris_Ile_de_France.html,Tripadvisor
Ose African Cuisine,https://media-cdn.tripadvisor.com/media/photo-f/08/9f/34/42/ose-african-cuisine.jpg,82,4.0,€,"[""Africaine"", ""Cajun & Créole"", ""Fusion"", ""Cuisine de rue (street food)"", ""Végétariens bienvenus""]","34 Rue du Faubourg Saint Martin, 75010 Paris, France",https://www.tripadvisor.fr/Restaurant_Review-g187147-d8459337-Reviews-Ose_African_Cuisine-Paris_Ile_de_France.html,Tripadvisor
Anatolia Village,https://media-cdn.tripadvisor.com/media/photo-i/10/cb/fe/bc/logo.jpg,20,5.0,€,[],"74 rue du Chateau D Eau, 75010 Paris, France",https://www.tripadvisor.fr/Restaurant_Review-g187147-d12218373-Reviews-Anatolia_Village-Paris_Ile_de_France.html,Tripadvisor
Café foresta,https://media-cdn.tripadvisor.com/media/photo-f/05/b3/e8/b0/foresta-restaurant.jpg,208,3.5,€€ - €€€,"[""Italienne"", ""Pizza"", ""Européenne"", ""Végétariens bienvenus""]","boulevard de magenta, 75010 Paris, France",https://www.tripadvisor.fr/Restaurant_Review-g187147-d3562588-Reviews-Foresta_Restaurant-Paris_Ile_de_France.html,Tripadvisor
Lucien,https://media-cdn.tripadvisor.com/media/photo-f/12/36/d7/65/restaurant.jpg,23,4.5,€€ - €€€,"[""Française""]","8 Rue Lucien Sampaix | Numero de la suite, intersection, place, 75010 Paris, France",https://www.tripadvisor.fr/Restaurant_Review-g187147-d13531600-Reviews-Lucien-Paris_Ile_de_France.html,Tripadvisor
Peonies,https://media-cdn.tripadvisor.com/media/photo-f/10/67/11/84/consommation-sur-place.jpg,42,4.5,€€ - €€€,"[""Végétariens bienvenus"", ""Choix végétaliens"", ""Plats sans gluten""]","81 rue du Faubourg Saint Denis, 75010 Paris, France",https://www.tripadvisor.fr/Restaurant_Review-g187147-d12229549-Reviews-Peonies-Paris_Ile_de_France.html,Tripadvisor
le Petit Chateau D'eau,https://media-cdn.tripadvisor.com/media/photo-i/08/df/8f/55/facade-d-entree-du-petit.jpg,51,4.5,€€ - €€€,"[""Française"", ""Européenne""]","34 rue du Chateau D Eau, 75010 Paris, France",https://www.tripadvisor.fr/Restaurant_Review-g187147-d7140954-Reviews-Le_Petit_Chateau_D_eau-Paris_Ile_de_France.html,Tripadvisor
ms Kiosk,https://media-cdn.tripadvisor.com/media/photo-f/07/d0/de/26/yummy-gluten-free-homemade.jpg,35,4.5,€,"[""polonaise"", ""Café"", ""Internationale"", ""Européenne"", ""Choix végétaliens""]","85 B boulevard de Magenta | dans matrche couvert, 75010 Paris, France",https://www.tripadvisor.fr/Restaurant_Review-g187147-d6781205-Reviews-Ms_Kiosk-Paris_Ile_de_France.html,Tripadvisor
Pont-Neuf- La Frite Francaise,https://media-cdn.tripadvisor.com/media/photo-f/13/42/89/2c/getlstd-property-photo.jpg,29,4.5,€,"[""Française"", ""Cuisine de rue (street food)""]","5, rue de la Fidelité, 75010 Paris, France",https://www.tripadvisor.fr/Restaurant_Review-g187147-d14183792-Reviews-Pont_Neuf_La_Frite_Francaise-Paris_Ile_de_France.html,Tripadvisor
Sheezan,https://media-cdn.tripadvisor.com/media/photo-i/0c/1e/8a/a8/sheezan.jpg,70,4.0,€,"[""Indienne"", ""Pakistanaise"", ""Asiatique"", ""Moyen-Orient"", ""Végétariens bienvenus"", ""Choix végétaliens"", ""Halal""]","84 rue du Faubourg Saint Denis, 75010 Paris, France",https://www.tripadvisor.fr/Restaurant_Review-g187147-d1331796-Reviews-Sheezan-Paris_Ile_de_France.html,Tripadvisor
Caffe Botteli,https://media-cdn.tripadvisor.com/media/photo-f/05/30/e4/9d/4-saisons.jpg,98,3.5,€€ - €€€,"[""Européenne"", ""Italienne"", ""Pizza""]","55 boulevard Saint Martin, 75003 Paris, France",https://www.tripadvisor.fr/Restaurant_Review-g187147-d3609540-Reviews-Caffe_Botteli-Paris_Ile_de_France.html,Tripadvisor
Wakoya,https://media-cdn.tripadvisor.com/media/photo-i/10/6c/bb/df/mixte.jpg,15,4.5,€€ - €€€,"[""Japonaise""]","25 Rue de Lancry, 75010 Paris, France",https://www.tripadvisor.fr/Restaurant_Review-g187147-d1065985-Reviews-Wakoya-Paris_Ile_de_France.html,Tripadvisor
Le Dodo,https://media-cdn.tripadvisor.com/media/photo-s/09/81/f1/e3/le-dodo.jpg,54,4.0,€,[],"14 rue de la Fidelite, 75010 Paris, France",https://www.tripadvisor.fr/Restaurant_Review-g187147-d1332913-Reviews-Le_Dodo-Paris_Ile_de_France.html,Tripadvisor
Natives - Hauteville,https://media-cdn.tripadvisor.com/media/photo-i/11/c7/71/cb/getlstd-property-photo.jpg,16,4.5,€€ - €€€,"[""Péruvienne"", ""Sud-américaine"", ""Hawaïenne""]","66 Rue d'Hauteville, 75010 Paris, France",https://www.tripadvisor.fr/Restaurant_Review-g187147-d13389127-Reviews-Natives_Hauteville-Paris_Ile_de_France.html,Tripadvisor
Smiling Kitchen,https://media-cdn.tripadvisor.com/media/photo-i/11/4e/be/01/getlstd-property-photo.jpg,25,5.0,€€ - €€€,"[""Thaï"", ""Asiatique"", ""Végétariens bienvenus"", ""Choix végétaliens""]","82 Rue du Faubourg Saint-Denis, 75010 Paris, France",https://www.tripadvisor.fr/Restaurant_Review-g187147-d13165366-Reviews-Smiling_Kitchen-Paris_Ile_de_France.html,Tripadvisor
O'Breizh,https://media-cdn.tripadvisor.com/media/photo-i/10/c4/72/e6/restaurant-o-breizh-poissons.jpg,78,4.0,€€ - €€€,"[""Française"", ""Saine"", ""Fruits de mer & Poisson"", ""Choix végétaliens""]","14 Boulevard de Strasbourg | Théâtre Antoine, 75010 Paris, France",https://www.tripadvisor.fr/Restaurant_Review-g187147-d3721645-Reviews-O_Breizh-Paris_Ile_de_France.html,Tripadvisor
Le Bonne Nouvelle,https://media-cdn.tripadvisor.com/media/photo-f/0f/7a/2a/22/le-bonne-nouvelle.jpg,64,4.0,€€ - €€€,"[""Italienne"", ""Française"", ""Végétariens bienvenus""]","24 Boulevard de Bonne Nouvelle, 75010 Paris, France",https://www.tripadvisor.fr/Restaurant_Review-g187147-d12320889-Reviews-Le_Bonne_Nouvelle-Paris_Ile_de_France.html,Tripadvisor
OUR Kebab Paradis,https://media-cdn.tripadvisor.com/media/photo-f/0b/72/09/36/menu-kebab-en-bol.jpg,89,3.5,€,"[""Turque""]","12 rue de Paradis, 75010 Paris, France",https://www.tripadvisor.fr/Restaurant_Review-g187147-d8605603-Reviews-OUR_Kebab_Paradis-Paris_Ile_de_France.html,Tripadvisor
MAISON Burger,https://media-cdn.tripadvisor.com/media/photo-i/10/00/92/e9/photo0jpg.jpg,36,4.5,€,[],"20 Rue du Faubourg St-Martin | 20 Rue du Faubourg Saint Martin, 75010 Paris, France",https://www.tripadvisor.fr/Restaurant_Review-g187147-d8626306-Reviews-MAISON_Burger-Paris_Ile_de_France.html,Tripadvisor
Restaurant Ella,https://media-cdn.tripadvisor.com/media/photo-f/09/0d/c7/05/restaurant-ella.jpg,52,4.0,€,"[""Turque"", ""Moyen-Orient"", ""Méditerranéenne"", ""Barbecue/Grillades"", ""Grecque""]","14 rue du Faubourg Saint Denis, 75010 Paris, France",https://www.tripadvisor.fr/Restaurant_Review-g187147-d8517085-Reviews-Restaurant_Ella-Paris_Ile_de_France.html,Tripadvisor
Egg Factory,https://media-cdn.tripadvisor.com/media/photo-i/12/10/24/0c/logo.jpg,11,5.0,€€ - €€€,"[""Américaine"", ""Restauration rapide"", ""Cuisine de rue (street food)""]","31 Rue de Paradis, 75010 Paris, France",https://www.tripadvisor.fr/Restaurant_Review-g187147-d13482552-Reviews-Egg_Factory-Paris_Ile_de_France.html,Tripadvisor
Café de l'Est,https://media-cdn.tripadvisor.com/media/photo-f/03/a9/63/21/cafe-de-l-est.jpg,401,3.5,€€ - €€€,"[""Française"", ""Européenne""]","7 rue du 8 Mai 1945 | 78 boulevard de Strasbourg, 75010 Paris, France",https://www.tripadvisor.fr/Restaurant_Review-g187147-d2182637-Reviews-Le_Cafe_de_l_Est-Paris_Ile_de_France.html,Tripadvisor
BULMA Banh mi & Bento Shop,https://media-cdn.tripadvisor.com/media/photo-s/08/06/7c/a1/bulma-banh-mi-bento-shop.jpg,56,4.5,€,"[""Vietnamienne""]","17 rue des Petites Ecuries, 75010 Paris, France",https://www.tripadvisor.fr/Restaurant_Review-g187147-d5799149-Reviews-BULMA_Banh_mi_Bento_Shop-Paris_Ile_de_France.html,Tripadvisor
Hana Bento,https://media-cdn.tripadvisor.com/media/photo-i/0e/f4/b6/ae/hana-bento.jpg,15,4.5,€€ - €€€,"[""Végétariens bienvenus""]","2 rue de Paradis, 75010 Paris, France",https://www.tripadvisor.fr/Restaurant_Review-g187147-d11933221-Reviews-Hana_Bento-Paris_Ile_de_France.html,Tripadvisor
Allegra,https://media-cdn.tripadvisor.com/media/photo-f/0a/06/1e/1c/allegra.jpg,111,3.5,€€ - €€€,"[""Italienne"", ""Pizza"", ""Méditerranéenne""]","70, Rue du Faubourg Saint Martin, 75010 Paris, France",https://www.tripadvisor.fr/Restaurant_Review-g187147-d7061256-Reviews-Allegra-Paris_Ile_de_France.html,Tripadvisor
Thai street food,https://media-cdn.tripadvisor.com/media/photo-f/07/c9/1c/03/pad-thai-crevettes.jpg,23,4.5,€,"[""Thaï""]","5 rue d Enghien, 75010 Paris, France",https://www.tripadvisor.fr/Restaurant_Review-g187147-d4817498-Reviews-Thai_street_food-Paris_Ile_de_France.html,Tripadvisor
Pancake Sisters,https://media-cdn.tripadvisor.com/media/photo-f/0c/4f/a6/cc/brunch-d-ete.jpg,217,3.5,€€ - €€€,"[""Américaine"", ""Saine"", ""Végétariens bienvenus""]","3, Rue Lucien Sampaix, 75010 Paris, France",https://www.tripadvisor.fr/Restaurant_Review-g187147-d6999717-Reviews-Pancake_Sisters-Paris_Ile_de_France.html,Tripadvisor
Schmid,https://media-cdn.tripadvisor.com/media/photo-s/06/fb/35/ce/schmid.jpg,44,4.5,€,"[""Française""]","76 boulevard de Strasbourg, 75010 Paris, France",https://www.tripadvisor.fr/Restaurant_Review-g187147-d7182758-Reviews-Schmid-Paris_Ile_de_France.html,Tripadvisor
John Circus,https://media-cdn.tripadvisor.com/media/photo-f/0f/02/90/d0/le-bar.jpg,18,5.0,"",[],"103 rue du Faubourg Saint Denis, 75010 Paris, France",https://www.tripadvisor.fr/Restaurant_Review-g187147-d12030434-Reviews-John_Circus-Paris_Ile_de_France.html,Tripadvisor
Sahil,https://media-cdn.tripadvisor.com/media/photo-i/12/aa/98/60/butter-chicken.jpg,71,3.5,€,"[""Indienne"", ""Pakistanaise"", ""Végétariens bienvenus""]","104 rue du Faubourg Saint Denis, 75010 Paris, France",https://www.tripadvisor.fr/Restaurant_Review-g187147-d1128073-Reviews-Sahil-Paris_Ile_de_France.html,Tripadvisor
Le Bistrot Lorrain,https://media-cdn.tripadvisor.com/media/photo-s/06/ff/91/18/pepperoni-and-mixed-pepper.jpg,86,3.0,€€ - €€€,"[""Italienne"", ""Européenne"", ""Pizza""]","17 rue du 8 Mai 1945, 75010 Paris, France",https://www.tripadvisor.fr/Restaurant_Review-g187147-d5799836-Reviews-Le_Bistrot_Lorrain-Paris_Ile_de_France.html,Tripadvisor
Tago Mago,https://media-cdn.tripadvisor.com/media/photo-i/0c/d4/de/21/sweet-jane.jpg,17,4.5,€€ - €€€,"[""Française"", ""Végétariens bienvenus""]","6 Rue Lucien Sampaix, 75010 Paris, France",https://www.tripadvisor.fr/Restaurant_Review-g187147-d10662609-Reviews-Tago_Mago-Paris_Ile_de_France.html,Tripadvisor
Chez Aldo Cafe,https://media-cdn.tripadvisor.com/media/photo-i/11/88/99/4d/magnifique.jpg,96,3.5,€€ - €€€,"[""Française"", ""Européenne""]","81 Boulevard de Strasbourg, 75010 Paris, France",https://www.tripadvisor.fr/Restaurant_Review-g187147-d10287052-Reviews-Chez_Aldo_Cafe-Paris_Ile_de_France.html,Tripadvisor
La Pointe des Almadies,https://media-cdn.tripadvisor.com/media/photo-f/0a/25/7c/e5/la-pointe-des-almadies.jpg,30,3.5,€€ - €€€,"[""Africaine""]","14 Rue de Chabrol | Gare de l'est, 75010 Paris, France",https://www.tripadvisor.fr/Restaurant_Review-g187147-d9720719-Reviews-La_Pointe_des_Almadies-Paris_Ile_de_France.html,Tripadvisor
Onéla,https://media-cdn.tripadvisor.com/media/photo-i/12/ed/85/48/getlstd-property-photo.jpg,5,4.5,€€ - €€€,"[""Italienne"", ""Française"", ""Pizza""]","151 Rue la Fayette, 75010 Paris, France",https://www.tripadvisor.fr/Restaurant_Review-g187147-d14088772-Reviews-Onela-Paris_Ile_de_France.html,Tripadvisor
Station Nord-Est,https://media-cdn.tripadvisor.com/media/photo-i/0f/a3/86/c2/exterior.jpg,52,4.0,€€ - €€€,"[""Française"", ""Méditerranéenne"", ""Européenne""]","15 Rue du 8 Mai 1945, 75010 Paris, France",https://www.tripadvisor.fr/Restaurant_Review-g187147-d3163086-Reviews-Station_Nord_Est-Paris_Ile_de_France.html,Tripadvisor
Bollywood Plaza,https://media-cdn.tripadvisor.com/media/photo-i/0e/f2/5b/9b/photo0jpg.jpg,41,3.5,€€ - €€€,"[""Indienne"", ""Asiatique"", ""Végétariens bienvenus""]","51 Boulevard Magenta, 75010 Paris, France",https://www.tripadvisor.fr/Restaurant_Review-g187147-d5558706-Reviews-Bollywood_Plaza-Paris_Ile_de_France.html,Tripadvisor
Allen's Market,https://media-cdn.tripadvisor.com/media/photo-s/04/83/6d/dd/chicken-wings-delicious.jpg,127,3.0,€€ - €€€,"[""Américaine"", ""Européenne""]","33 rue du Chateau D Eau, 75010 Paris, France",https://www.tripadvisor.fr/Restaurant_Review-g187147-d4469705-Reviews-Allen_s_Market-Paris_Ile_de_France.html,Tripadvisor
Amis Gourmands,https://media-cdn.tripadvisor.com/media/photo-i/13/2f/5d/2e/pour-les-groupes.jpg,4,5.0,€€ - €€€,"[""Chinoise""]","22 rue de Mazagran | Métro 8 et 9 Station bonne nouvelle, 75010 Paris, France",https://www.tripadvisor.fr/Restaurant_Review-g187147-d14132465-Reviews-Amis_Gourmands-Paris_Ile_de_France.html,Tripadvisor
Sesto Senso,https://media-cdn.tripadvisor.com/media/photo-f/0f/6a/b6/d2/il-ristorante.jpg,34,3.5,€€ - €€€,"[""Italienne""]","4 rue de l'Echiquier | 75010, 75010 Paris, France",https://www.tripadvisor.fr/Restaurant_Review-g187147-d3256378-Reviews-Sesto_senso-Paris_Ile_de_France.html,Tripadvisor
La Cocotte Dépote,https://media-cdn.tripadvisor.com/media/photo-f/0a/92/6a/5b/la-cocotte-depote.jpg,47,4.5,€€ - €€€,"[""Française"", ""Restauration rapide"", ""Traiteur"", ""Cuisine de rue (street food)""]","29 Rue du Faubourg Saint-Martin, 75010 Paris, France",https://www.tripadvisor.fr/Restaurant_Review-g187147-d8843545-Reviews-La_Cocotte_Depote-Paris_Ile_de_France.html,Tripadvisor
Hitomi,https://media-cdn.tripadvisor.com/media/photo-i/0c/b3/19/11/hitomi.jpg,130,3.0,€,"[""Japonaise"", ""Sushi"", ""Asiatique""]","57 rue de Chabrol, 75010 Paris, France",https://www.tripadvisor.fr/Restaurant_Review-g187147-d3850456-Reviews-Hitomi-Paris_Ile_de_France.html,Tripadvisor
Le Restaurant Marocain,https://media-cdn.tripadvisor.com/media/photo-i/0d/11/37/5a/restaurant-couscous.jpg,44,3.5,€€ - €€€,"[""Marocaine"", ""Méditerranéenne"", ""Moyen-Orient"", ""Végétariens bienvenus"", ""Halal""]","31 Rue Du Faubourg Saint-Martin, 75010 Paris, France",https://www.tripadvisor.fr/Restaurant_Review-g187147-d10842306-Reviews-Restaurant_Bar_Marrakchi-Paris_Ile_de_France.html,Tripadvisor
McDonald 's Paris Gare du Nord,https://media-cdn.tripadvisor.com/media/photo-s/08/a6/a7/f8/mc-donalds-gare-du-nord.jpg,155,3.0,€,"[""Américaine"", ""Restauration rapide""]","25 Rue de Dunkerque, 75010 Paris, France",https://www.tripadvisor.fr/Restaurant_Review-g187147-d4353718-Reviews-McDonald_s_Paris_Gare_du_Nord-Paris_Ile_de_France.html,Tripadvisor
Maison des Si Chuan,https://media-cdn.tripadvisor.com/media/photo-s/07/6e/3d/a4/saporo.jpg,26,3.5,€€ - €€€,"[""Chinoise""]","7 rue Saint Laurent, 75010 Paris, France",https://www.tripadvisor.fr/Restaurant_Review-g187147-d7313310-Reviews-Maison_des_Si_Chuan-Paris_Ile_de_France.html,Tripadvisor
Quick,https://media-cdn.tripadvisor.com/media/photo-f/0b/d8/1c/e7/a-la-carte-quick-n-toast.jpg,46,3.0,€,[],"25 rue de Dunkerque, 75010 Paris, France",https://www.tripadvisor.fr/Restaurant_Review-g187147-d3732267-Reviews-Quick-Paris_Ile_de_France.html,Tripadvisor
Pizza Hut,https://media-cdn.tripadvisor.com/media/photo-f/05/af/af/ab/pizza-hut.jpg,146,3.0,€€ - €€€,"[""Pizza""]","26 bd. Bonne-Nouvelle, 75010 Paris, France",https://www.tripadvisor.fr/Restaurant_Review-g187147-d951934-Reviews-Pizza_Hut-Paris_Ile_de_France.html,Tripadvisor
O/hp/e,https://media-cdn.tripadvisor.com/media/photo-i/10/09/33/5c/e-au-27-rue-du-chateau.jpg,9,4.5,€,"[""Française""]","27 Rue du Château D'Eau, 75010 Paris, France",https://www.tripadvisor.fr/Restaurant_Review-g187147-d12442585-Reviews-O_hp_e-Paris_Ile_de_France.html,Tripadvisor
Au Dixieme,https://media-cdn.tripadvisor.com/media/photo-f/08/b6/b3/55/au-dixieme.jpg,26,3.0,€€ - €€€,"[""Française""]","22 rue de Mazagran, 75010 Paris, France",https://www.tripadvisor.fr/Restaurant_Review-g187147-d1069475-Reviews-Au_Dixieme-Paris_Ile_de_France.html,Tripadvisor
Las Vegans,https://media-cdn.tripadvisor.com/media/photo-f/08/c2/0a/a3/le-fameux-hot-dog-vegan.jpg,67,3.5,€,"[""Choix végétaliens""]","30 boulevard de Bonne Nouvelle, 75010 Paris, France",https://www.tripadvisor.fr/Restaurant_Review-g187147-d8509824-Reviews-Las_Vegans-Paris_Ile_de_France.html,Tripadvisor
elma & nar,https://media-cdn.tripadvisor.com/media/photo-f/14/3e/9f/16/brunch-du-week-end-photo.jpg,11,4.5,€€ - €€€,"[""Turque""]","45 avenue Secretan, 75019 Paris, France",https://www.tripadvisor.fr/Restaurant_Review-g187147-d10830002-Reviews-Elma_nar-Paris_Ile_de_France.html,Tripadvisor
BioBowl,https://media-cdn.tripadvisor.com/media/photo-i/13/2c/88/d8/getlstd-property-photo.jpg,3,4.5,€€ - €€€,"[""Française"", ""Fusion"", ""Cuisine de rue (street food)"", ""Internationale"", ""Asiatique"", ""Saine""]","85 bis boulevard de Magenta | Marche Saint-Quentin, 75010 Paris, France",https://www.tripadvisor.fr/Restaurant_Review-g187147-d14160289-Reviews-BioBowl-Paris_Ile_de_France.html,Tripadvisor
Subway République,https://f.roocdn.com/images/menus/62586/header-image.jpg?width=320&height=180&auto=webp&format=jpg&fit=crop&v=1526537444,50,4.1,€,"[""Américain"", ""Salade"", ""Sandwiches""]","26 Rue du Faubourg du Temple, Paris, 75011",https://deliveroo.fr/menu/paris/11eme-republique/subway-republique?day=today&time=ASAP,Deliveroo
Five Guys Gare du Nord,https://f.roocdn.com/images/menus/59810/header-image.jpg?width=320&height=180&auto=webp&format=jpg&fit=crop&v=1541598998,50,4.2,€€,"[""Américain"", ""Burgers""]","18 Rue de Dunkerque, Paris, 75010",https://deliveroo.fr/menu/paris/10eme-gare-du-nord/five-guys-gare-du-nord?day=today&time=ASAP,Deliveroo
Ernest & Valentin,https://f.roocdn.com/images/menus/16884/header-image.jpg?width=320&height=180&auto=webp&format=jpg&fit=crop&v=1473408151,50,4.55,€,"[""Français"", ""Petit Déjeuner"", ""Dessert""]","42 rue Réaumur, Paris, 75003",https://deliveroo.fr/menu/paris/3eme-temple/ernest-and-valentin?day=today&time=ASAP,Deliveroo
Egg Factory,https://f.roocdn.com/images/menus/57312/header-image.jpg?width=320&height=180&auto=webp&format=jpg&fit=crop&v=1521020860,50,4.55,€,"[""Américain"", ""Burgers"", ""Petit Déjeuner""]","31 Rue de Paradis, Paris, 75010",https://deliveroo.fr/menu/paris/10eme-gare-du-nord/egg-factory?day=today&time=ASAP,Deliveroo
Kitchen (ex Bob's),https://f.roocdn.com/images/menus/3937/header-image.jpg?width=320&height=180&auto=webp&format=jpg&fit=crop&v=1473408794,50,4.6,€€,"[""Végétarien"", ""Végétalien"", ""Américain"", ""Petit Déjeuner""]","74 rue des Gravilliers, Paris, 75003",https://deliveroo.fr/menu/paris/3eme-temple/bobs-kitchen?day=today&time=ASAP,Deliveroo
Pur Etc.,https://f.roocdn.com/images/menus/23345/header-image.jpg?width=320&height=180&auto=webp&format=jpg&fit=crop&v=1484649452,50,4.5,€€,"[""Européen"", ""Dessert""]","25 Rue Sedaine, Paris, 75011",https://deliveroo.fr/menu/paris/11eme-bastille/pur-etc-11eme?day=today&time=ASAP,Deliveroo
HD Diner - Gare de l'est,https://f.roocdn.com/images/menus/13897/header-image.jpg?width=320&height=180&auto=webp&format=jpg&fit=crop&v=1473408139,50,4.15,€,"[""Américain""]","6 Rue du 8 Mai 1945, Paris, 75010",https://deliveroo.fr/menu/paris/paris-10eme-gare-de-lest/hd-diner-gare-de-lest?day=today&time=ASAP,Deliveroo
Lina's,https://f.roocdn.com/images/menus/15063/header-image.jpg?width=320&height=180&auto=webp&format=jpg&fit=crop&v=1473408077,50,4.6,€,"[""Sandwiches"", ""Salade"", ""Français"", ""Dessert""]","50 rue Etienne Marcel, Paris, 75002",https://deliveroo.fr/menu/paris/2eme-bourse/linas?day=today&time=ASAP,Deliveroo
Impronta,https://f.roocdn.com/images/menus/82518/header-image.jpg?width=320&height=180&auto=webp&format=jpg&fit=crop&v=1538670569,50,4.65,€,"[""Glaces"", ""Dessert""]","42 Rue des Martyrs, Paris, 75009",https://deliveroo.fr/menu/paris/9eme-opera/impronta?day=today&time=ASAP,Deliveroo
Liife eat smart,https://f.roocdn.com/images/menus/96278/header-image.jpg?width=320&height=180&auto=webp&format=jpg&fit=crop&v=1542222129,50,4.35,€,"[""Jus"", ""Salade"", ""Sans Gluten"", ""Bio"", ""Végétalien"", ""Acai""]","33 Rue des Petits Carreaux, Paris, 75002",https://deliveroo.fr/menu/paris/2eme-bourse/liife-eat-smart?day=today&time=ASAP,Deliveroo
Maison Landemaine,https://f.roocdn.com/images/menus/15021/header-image.jpg?width=320&height=180&auto=webp&format=jpg&fit=crop&v=1494491282,50,4.45,€,"[""Petit Déjeuner"", ""Français"", ""Dessert""]","28 Boulevard Beaumarchais, Paris, 75011",https://deliveroo.fr/menu/paris/11eme-bastille/maison-landemaine-beaumarche?day=today&time=ASAP,Deliveroo
Subway,https://f.roocdn.com/images/menus/50578/header-image.jpg?width=320&height=180&auto=webp&format=jpg&fit=crop&v=1541586470,50,4.45,€,"[""Américain"", ""Sandwiches""]","51 rue saint paul, Paris, 75004",https://deliveroo.fr/menu/paris/4eme-hotel-de-ville/subway-st-paul?day=today&time=ASAP,Deliveroo
Wild & The Moon Gravilliers,https://f.roocdn.com/images/menus/24126/header-image.jpg?width=320&height=180&auto=webp&format=jpg&fit=crop&v=1518518194,50,4.65,€€,"[""Végétalien"", ""Sans Gluten"", ""Bio""]","25 rue des Gravilliers, Paris, 75003",https://deliveroo.fr/menu/paris/3eme-temple/wm?day=today&time=ASAP,Deliveroo
Wild & The Moon Opéra,https://f.roocdn.com/images/menus/24126/header-image.jpg?width=320&height=180&auto=webp&format=jpg&fit=crop&v=1518518194,50,4.65,€€,"[""Végétalien"", ""Sans Gluten"", ""Bio""]","4 rue du Helder, Paris, 75009",https://deliveroo.fr/menu/paris/9eme-opera/wild-and-the-moon-helder?day=today&time=ASAP,Deliveroo
Barista & Baker,https://f.roocdn.com/images/menus/12104/header-image.jpg?width=320&height=180&auto=webp&format=jpg&fit=crop&v=1480527985,50,4.4,€,"[""Italien"", ""Pâtes Fraîches""]","50 Rue du Faubourg Poissonnière, Paris, 75010",https://deliveroo.fr/menu/paris/10eme-gare-du-nord/barista-et-baker?day=today&time=ASAP,Deliveroo
Bagelstein - Boulevard Montmartre,https://f.roocdn.com/images/menus/12225/header-image.jpg?width=320&height=180&auto=webp&format=jpg&fit=crop&v=1474304974,19,4.55,€,"[""Bagels"", ""Américain""]","18 boulevard Montmartre, Paris, 75009",https://deliveroo.fr/menu/paris/9eme-opera/bagelstein-boulevard-montmartre?day=today&time=ASAP,Deliveroo
Bagel Corner,https://f.roocdn.com/images/menus/17855/header-image.jpg?width=320&height=180&auto=webp&format=jpg&fit=crop&v=1539693971,50,4.5,€,"[""Bagels"", ""Américain"", ""Jus"", ""Salade""]","29 rue Taitbout, Paris, 75009",https://deliveroo.fr/menu/paris/9eme-opera/bagel-corner-taitbout?day=today&time=ASAP,Deliveroo
Le Pain Quotidien,https://f.roocdn.com/images/menus/17697/header-image.jpg?width=320&height=180&auto=webp&format=jpg&fit=crop&v=1512028706,50,4.45,€,"[""Brunch"", ""Salade"", ""Français"", ""Dessert""]","24 rue de charonne, Paris, 75011",https://deliveroo.fr/menu/paris/11eme-bastille/le-pain-quotidien-charonne?day=today&time=ASAP,Deliveroo
Boulangerie Thierry Meunier,https://f.roocdn.com/images/menus/24391/header-image.jpg?width=320&height=180&auto=webp&format=jpg&fit=crop&v=1474305292,50,4.2,€,"[""Sandwiches"", ""Français"", ""Dessert"", ""Petit Déjeuner""]","2 rue de La Chapelle, Paris, 75018",https://deliveroo.fr/menu/paris/18eme-marx-dormoy/boulangerie-thierry-meunier-la-chapelle?day=today&time=ASAP,Deliveroo
EXKi Montorgueil,https://f.roocdn.com/images/menus/29977/header-image.jpg?width=320&height=180&auto=webp&format=jpg&fit=crop&v=1537861329,50,4.55,€,"[""Salade"", ""Sandwiches"", ""Végétalien""]","59 rue Montorgueil, Paris, 75002",https://deliveroo.fr/menu/paris/2eme-bourse/exki-montorgueil?day=today&time=ASAP,Deliveroo
YANN COUVREUR - Pâtisserie,https://f.roocdn.com/images/menus/33723/header-image.jpg?width=320&height=180&auto=webp&format=jpg&fit=crop&v=1539264215,50,4.65,€,"[""Dessert""]","23 rue des Rosiers, Paris, 75004",https://deliveroo.fr/menu/paris/4eme-hotel-de-ville/yann-couvreur-patisserie-marais?day=today&time=ASAP,Deliveroo
Furahaa Break - Vegan & Bio,https://f.roocdn.com/images/menus/61491/header-image.jpg?width=320&height=180&auto=webp&format=jpg&fit=crop&v=1530528415,50,4.15,€,"[""Burgers"", ""Végétalien"", ""Bio""]","127 rue du faubourg poissonnière, Paris, 75010",https://deliveroo.fr/menu/paris/9eme-opera/furahaa-break-vegan-and-bio?day=today&time=ASAP,Deliveroo
Pancake Sisters,https://f.roocdn.com/images/menus/1850/header-image.jpg?width=320&height=180&auto=webp&format=jpg&fit=crop&v=1477910351,50,4.05,€€,"[""Brunch"", ""Américain"", ""Dessert""]","3 Rue Lucien Sampaix, Paris, 75010",https://deliveroo.fr/menu/paris/10eme-gare-du-nord/pancake-sisters?day=today&time=ASAP,Deliveroo
La Parisienne - Cadet,https://f.roocdn.com/images/menus/17493/header-image.jpg?width=320&height=180&auto=webp&format=jpg&fit=crop&v=1473408181,50,4.25,€,"[""Français"", ""Petit Déjeuner"", ""Dessert""]","12 rue Cadet, Paris, 75009",https://deliveroo.fr/menu/paris/9eme-opera/la-parisienne-cadet?day=today&time=ASAP,Deliveroo
Wild & The Moon Charlot,https://f.roocdn.com/images/menus/24126/header-image.jpg?width=320&height=180&auto=webp&format=jpg&fit=crop&v=1518518194,50,4.65,€€,"[""Végétalien"", ""Sans Gluten"", ""Bio""]","55 Rue Charlot, Paris, 75003",https://deliveroo.fr/menu/paris/3eme-temple/w-the-moon-charlot?day=today&time=ASAP,Deliveroo
Maison Landemaine,https://f.roocdn.com/images/menus/15021/header-image.jpg?width=320&height=180&auto=webp&format=jpg&fit=crop&v=1494491282,50,4.55,€,"[""Petit Déjeuner"", ""Français"", ""Dessert""]","210 Rue des Pyrénées, Paris, 75020",https://deliveroo.fr/menu/paris/Gambetta/maison-landemaine-gambetta?day=today&time=ASAP,Deliveroo
La Mie Câline Rambuteau,https://f.roocdn.com/images/menus/79980/header-image.jpg?width=320&height=180&auto=webp&format=jpg&fit=crop&v=1536223114,50,4.45,€,"[""Français"", ""Petit Déjeuner""]","64 rue Rambuteau, Paris, 75003",https://deliveroo.fr/menu/paris/3eme-temple/la-mie-caline-rambuteau?day=today&time=ASAP,Deliveroo
Crep's Crew,https://f.roocdn.com/images/menus/76919/header-image.jpg?width=320&height=180&auto=webp&format=jpg&fit=crop&v=1537177926,50,4.05,€,"[""Français"", ""Crêperie"", ""Salade""]","1 Rue du Helder 75009 Paris France, Paris, 75009",https://deliveroo.fr/menu/paris/9eme-opera/creps-crew?day=today&time=ASAP,Deliveroo
Pizza Presto,https://f.roocdn.com/images/menus/85363/header-image.jpg?width=320&height=180&auto=webp&format=jpg&fit=crop&v=1538469921,50,4.25,€,"[""Pizza"", ""Salade"", ""Pâtes Fraîches"", ""Italien""]","42 Rue de Rivoli PARIS 04 75004, Paris, 75004",https://deliveroo.fr/menu/paris/4eme-hotel-de-ville/rbr?day=today&time=ASAP,Deliveroo
FAB - French American Bakery,https://f.roocdn.com/images/menus/15964/header-image.jpg?width=320&height=180&auto=webp&format=jpg&fit=crop&v=1473408117,50,4.4,€€,"[""Brunch"", ""Américain""]","48 Rue du Faubourg Saint-Denis, Paris, 75010",https://deliveroo.fr/menu/paris/10eme-gare-du-nord/french-american-bakery?day=today&time=ASAP,Deliveroo
Bagelstein - Rue Montmartre,https://f.roocdn.com/images/menus/12225/header-image.jpg?width=320&height=180&auto=webp&format=jpg&fit=crop&v=1474304974,50,4.4,€,"[""Bagels"", ""Américain""]","102 rue Montmartre, Paris, 75002",https://deliveroo.fr/menu/paris/2eme-bourse/bagelstein-montmartre?day=today&time=ASAP,Deliveroo
Maison Landemaine,https://f.roocdn.com/images/menus/15021/header-image.jpg?width=320&height=180&auto=webp&format=jpg&fit=crop&v=1494491282,50,4.4,€,"[""Petit Déjeuner"", ""Français"", ""Dessert""]","56 Rue de Clichy, Paris, 75009",https://deliveroo.fr/menu/paris/9eme-opera/maison-landemaine-clichy?day=today&time=ASAP,Deliveroo
M La Vie,https://f.roocdn.com/images/menus/62213/header-image.jpg?width=320&height=180&auto=webp&format=jpg&fit=crop&v=1526292427,50,4.6,€,"[""Végétarien"", ""Salade"", ""Petit Déjeuner"", ""Soupe"", ""Végétalien"", ""Dessert"", ""Jus""]","85 rue montmartre, Paris, 75002",https://deliveroo.fr/menu/paris/2eme-bourse/m-la-vie?day=today&time=ASAP,Deliveroo
BOL Porridge Bar,https://f.roocdn.com/images/menus/23784/header-image.jpg?width=320&height=180&auto=webp&format=jpg&fit=crop&v=1474462228,50,4.6,€,[],"76 Rue du Faubourg Poissonnière, Paris, 75010",https://deliveroo.fr/menu/paris/10eme-gare-du-nord/bol-porridge-bar?day=today&time=ASAP,Deliveroo
Pegast Poissonniere,https://f.roocdn.com/images/menus/16641/header-image.jpg?width=320&height=180&auto=webp&format=jpg&fit=crop&v=1539253795,50,4.1,€,"[""Végétalien"", ""Sandwiches"", ""Salade""]","78 rue du Faubourg Poissonnière, Paris, 75010",https://deliveroo.fr/menu/paris/10eme-gare-du-nord/pegast-poissoniere?day=today&time=ASAP,Deliveroo
Les Bariolés de Maud,https://f.roocdn.com/images/menus/68861/header-image.jpg?width=320&height=180&auto=webp&format=jpg&fit=crop&v=1538060359,50,4.45,€,"[""Français"", ""Petit Déjeuner"", ""Apéritif""]","12 Rue Buffault, Paris, 75009",https://deliveroo.fr/menu/paris/9eme-opera/les-barioles-de-maud?day=today&time=ASAP,Deliveroo
Marcelle,https://f.roocdn.com/images/menus/35238/header-image.jpg?width=320&height=180&auto=webp&format=jpg&fit=crop&v=1490698785,50,4.6,€€€,"[""Brunch"", ""Petit Déjeuner""]","22 rue Montmartre, Paris, 75001",https://deliveroo.fr/menu/paris/1er-louvre/marcel-montmatre?day=today&time=ASAP,Deliveroo
Bagelstein - Saint Augustin,https://f.roocdn.com/images/menus/12225/header-image.jpg?width=320&height=180&auto=webp&format=jpg&fit=crop&v=1474304974,50,4.25,€,"[""Bagels"", ""Américain""]","7 rue Saint Augustin, Paris, 75002",https://deliveroo.fr/menu/paris/2eme-bourse/bagelstein-saint-augustin?day=today&time=ASAP,Deliveroo
La Mie Câline SSD,https://f.roocdn.com/images/menus/86666/header-image.jpg?width=320&height=180&auto=webp&format=jpg&fit=crop&v=1542216994,0,0.0,€€,"[""Français"", ""Petit Déjeuner""]","16 boulevard saint denis, Paris, 75010",https://deliveroo.fr/menu/paris/10eme-gare-du-nord/la-mie-caline-ssd?day=today&time=ASAP,Deliveroo
Bob's Bake Shop,https://f.roocdn.com/images/menus/3792/header-image.jpg?width=320&height=180&auto=webp&format=jpg&fit=crop&v=1510848031,50,4.55,€,"[""Bagels"", ""Américain"", ""Salade""]","12 esplanade Nathalie Sarraute, Paris, 75018",https://deliveroo.fr/menu/paris/18eme-marx-dormoy/bobs-bake-shop?day=today&time=ASAP,Deliveroo
Trapani Bottega,https://f.roocdn.com/images/menus/37222/header-image.jpg?width=320&height=180&auto=webp&format=jpg&fit=crop&v=1494323916,50,4.15,€,"[""Italien"", ""Pizza""]","216 rue des Pyrénées, Paris, 75020",https://deliveroo.fr/menu/paris/Gambetta/trapani-bottega?day=today&time=ASAP,Deliveroo
La Délicieuse,https://f.roocdn.com/images/menus/93075/header-image.jpg?width=320&height=180&auto=webp&format=jpg&fit=crop&v=1542215866,0,0.0,€,"[""Français"", ""Petit Déjeuner"", ""Dessert"", ""Sandwiches""]","75 Avenue Gambetta, Paris, 75020",https://deliveroo.fr/menu/paris/Gambetta/la-delicieuse-paris?day=today&time=ASAP,Deliveroo
Loup,https://f.roocdn.com/images/menus/66584/header-image.jpg?width=320&height=180&auto=webp&format=jpg&fit=crop&v=1527853436,50,4.2,€€€,"[""Français"", ""Poulet""]","44 Rue du Louvre, Paris, 75001",https://deliveroo.fr/menu/paris/1er-louvre/loup?day=today&time=ASAP,Deliveroo
Brioche Dorée,https://f.roocdn.com/images/menus/52726/header-image.jpg?width=320&height=180&auto=webp&format=jpg&fit=crop&v=1537793311,50,4.35,€,"[""Sandwiches"", ""Petit Déjeuner"", ""Salade"", ""Français""]","80 rue de Rivoli, Paris, 75004",https://deliveroo.fr/menu/paris/4eme-hotel-de-ville/brioche-doree-rivoli?day=today&time=ASAP,Deliveroo
Pancake Sisters - Voltaire,https://f.roocdn.com/images/menus/1850/header-image.jpg?width=320&height=180&auto=webp&format=jpg&fit=crop&v=1477910351,50,4.35,€€,"[""Brunch"", ""Américain"", ""Dessert""]","8 rue popincourt, Paris, 75011",https://deliveroo.fr/menu/paris/11eme-bastille/pancake-sisters-11eme?day=today&time=ASAP,Deliveroo
PATISTORY,https://f.roocdn.com/images/menus/87793/header-image.jpg?width=320&height=180&auto=webp&format=jpg&fit=crop&v=1539188937,50,4.4,€,"[""Français"", ""Cacher"", ""Petit Déjeuner"", ""Sandwiches"", ""Salade""]","45 rue de meaux, Paris, 75019",https://deliveroo.fr/menu/paris/19eme-colonel-fabien/patistory?day=today&time=ASAP,Deliveroo
Echo,https://f.roocdn.com/images/menus/88114/header-image.jpg?width=320&height=180&auto=webp&format=jpg&fit=crop&v=1539187517,50,4.65,€€,"[""Petit Déjeuner"", ""Américain""]","95 Rue d'Aboukir, Paris, 75002",https://deliveroo.fr/menu/paris/2eme-bourse/echo?day=today&time=ASAP,Deliveroo
Cojean Trinité,https://f.roocdn.com/images/menus/39923/header-image.jpg?width=320&height=180&auto=webp&format=jpg&fit=crop&v=1537178836,50,4.7,€,"[""Végétarien"", ""Salade"", ""Bio""]","55 rue de Chateaudun, Paris, 75009",https://deliveroo.fr/menu/paris/9eme-opera/cojean-trinite?day=today&time=ASAP,Deliveroo
La Parenthèse - Gourmet Grilled Cheese,https://f.roocdn.com/images/menus/1906/header-image.jpg?width=320&height=180&auto=webp&format=jpg&fit=crop&v=1486993347,50,4.35,€€,"[""Américain""]","20 rue Richer, Paris, 75009",https://deliveroo.fr/menu/paris/9eme-opera/la-parenthese-gourmet-grilled-cheese?day=today&time=ASAP,Deliveroo
Jus PAF : Pressés à Froid Bio et Détox,https://f.roocdn.com/images/menus/37193/header-image.jpg?width=320&height=180&auto=webp&format=jpg&fit=crop&v=1533133448,50,4.8,€,"[""Jus"", ""Dessert""]","104 rue Oberkampf, Paris, 75011",https://deliveroo.fr/menu/paris/11eme-belleville/paf-jus-presses-a-froid?day=today&time=ASAP,Deliveroo
La Regalade Conservatoire,https://f.roocdn.com/images/menus/21977/header-image.jpg?width=320&height=180&auto=webp&format=jpg&fit=crop&v=1475140618,50,4.6,€€€,"[""Français""]","9 rue du Conservatoire, Paris, 75009",https://deliveroo.fr/menu/paris/9eme-opera/la-regalade-conservatoire?day=today&time=ASAP,Deliveroo
Maison Healthy,https://f.roocdn.com/images/menus/16793/header-image.jpg?width=320&height=180&auto=webp&format=jpg&fit=crop&v=1473408148,50,4.55,€,"[""Sandwiches"", ""Salade""]","24 rue de la Banque, Paris, 75002",https://deliveroo.fr/menu/paris/2eme-bourse/maison-healthy?day=today&time=ASAP,Deliveroo
Maison Landemaine,https://f.roocdn.com/images/menus/15021/header-image.jpg?width=320&height=180&auto=webp&format=jpg&fit=crop&v=1494491282,50,4.5,€,"[""Petit Déjeuner"", ""Français"", ""Dessert""]","130 Rue de la Roquette, Paris, 75011",https://deliveroo.fr/menu/paris/11eme-voltaire/maison-landemaine-voltaire?day=today&time=ASAP,Deliveroo
Paprika - Cantine locale & bio,https://f.roocdn.com/images/menus/22106/header-image.jpg?width=320&height=180&auto=webp&format=jpg&fit=crop&v=1533299624,50,4.45,€€,"[""Végétarien"", ""Végétalien"", ""Sans Gluten"", ""Petit Déjeuner""]","65 Rue de Bretagne, Paris, 75003",https://deliveroo.fr/menu/paris/3eme-temple/paprika?day=today&time=ASAP,Deliveroo
Crêperie Elo,https://f.roocdn.com/images/menus/16885/header-image.jpg?width=320&height=180&auto=webp&format=jpg&fit=crop&v=1479830827,50,4.3,€,"[""Français"", ""Dessert""]","7 rue saint-antoine, Paris, 75004",https://deliveroo.fr/menu/paris/4eme-hotel-de-ville/creperie-elo-bstille?day=today&time=ASAP,Deliveroo
Muesli's Bar,https://f.roocdn.com/images/menus/36154/header-image.jpg?width=320&height=180&auto=webp&format=jpg&fit=crop&v=1492673121,50,4.4,€,"[""Français"", ""Petit Déjeuner""]","49 rue Saint Sauveur, Paris, 75002",https://deliveroo.fr/menu/paris/2eme-bourse/mueslis-bar?day=today&time=ASAP,Deliveroo
Les caves Nysa,https://f.roocdn.com/images/menus/26812/header-image.jpg?width=320&height=180&auto=webp&format=jpg&fit=crop&v=1491907796,50,4.85,€€,"[""Alcool"", ""Apéritif"", ""Boissons""]","39 Rue des Martyrs, Paris, 75009",https://deliveroo.fr/menu/paris/9eme-opera/nysa-martyrs?day=today&time=ASAP,Deliveroo
Le Clint,https://f.roocdn.com/images/menus/30848/header-image.jpg?width=320&height=180&auto=webp&format=jpg&fit=crop&v=1487272351,50,4.2,€€,"[""Burgers"", ""Américain"", ""Salade""]","174 rue de la roquette, Paris, 75011",https://deliveroo.fr/menu/paris/11eme-voltaire/le-clint?day=today&time=ASAP,Deliveroo
Auberge Flora,https://f.roocdn.com/images/menus/11688/header-image.jpg?width=320&height=180&auto=webp&format=jpg&fit=crop&v=1528110771,50,4.25,€,"[""Brunch"", ""Français""]","44 boulevard Richard Lenoir, Paris, 75011",https://deliveroo.fr/menu/paris/11eme-republique/auberg-flora?day=today&time=ASAP,Deliveroo
Pegast Notre Dame de Lorette,https://f.roocdn.com/images/menus/16641/header-image.jpg?width=320&height=180&auto=webp&format=jpg&fit=crop&v=1539253795,50,4.25,€,"[""Végétalien"", ""Sandwiches"", ""Salade""]","1 Rue Bourdaloue, Paris, 75009",https://deliveroo.fr/menu/paris/9eme-opera/pegast-notre-dame-de-lorette?day=today&time=ASAP,Deliveroo
Brioche Dorée,https://f.roocdn.com/images/menus/55656/header-image.jpg?width=320&height=180&auto=webp&format=jpg&fit=crop&v=1537793466,26,4.25,€,"[""Sandwiches"", ""Petit Déjeuner"", ""Salade"", ""Français""]","4 place de l'Opéra, Paris, 75002",https://deliveroo.fr/menu/paris/2eme-bourse/brioche-doree-opera?day=today&time=ASAP,Deliveroo
Ben&Jerry's,https://f.roocdn.com/images/menus/36160/header-image.jpg?width=320&height=180&auto=webp&format=jpg&fit=crop&v=1533895183,50,4.35,€,"[""Glaces"", ""Dessert""]","29 rue Taitbout, Paris, 75009",https://deliveroo.fr/menu/paris/9eme-opera/ben-and-jerrys-taitbout?day=today&time=ASAP,Deliveroo
🍷Nysa Faubourg St Martin,https://f.roocdn.com/images/menus/26812/header-image.jpg?width=320&height=180&auto=webp&format=jpg&fit=crop&v=1491907796,0,0.0,€€,"[""Alcool"", ""Apéritif"", ""Boissons""]","203 Rue du Faubourg Saint-Martin, Paris, 75010",https://deliveroo.fr/menu/paris/paris-10eme-gare-de-lest/nysa-faubourg-st-martin?day=today&time=ASAP,Deliveroo
Pegast Madeleine,https://f.roocdn.com/images/menus/16641/header-image.jpg?width=320&height=180&auto=webp&format=jpg&fit=crop&v=1539253795,50,4.5,€,"[""Végétalien"", ""Sandwiches"", ""Salade""]","30 rue Godot de Mauroy, Paris, 75009",https://deliveroo.fr/menu/paris/9eme-opera/pegast-madeleine?day=today&time=ASAP,Deliveroo
Bagelstein - Joubert,https://f.roocdn.com/images/menus/12225/header-image.jpg?width=320&height=180&auto=webp&format=jpg&fit=crop&v=1474304974,50,4.3,€,"[""Bagels"", ""Américain""]","16 Rue Joubert, Paris, 75009",https://deliveroo.fr/menu/paris/9eme-opera/bagelstein-joubert?day=today&time=ASAP,Deliveroo
Le Sultan - Paris,https://f.roocdn.com/images/menus/93907/header-image.jpg?width=320&height=180&auto=webp&format=jpg&fit=crop&v=1541521528,19,4.1,€€,"[""Libanais"", ""Kebab"", ""Végétalien"", ""Halal"", ""Végétarien""]","103 boulevard Voltaire, Paris, 75011",https://deliveroo.fr/menu/paris/11eme-oberkampf/le-sultan-paris?day=today&time=ASAP,Deliveroo
Bagelstein - Capucines ,https://f.roocdn.com/images/menus/12225/header-image.jpg?width=320&height=180&auto=webp&format=jpg&fit=crop&v=1474304974,50,4.4,€,"[""Bagels"", ""Américain""]","23 Rue des Capucines, Paris, 75001",https://deliveroo.fr/menu/paris/1er-louvre/bagelstein-capucines-2?day=today&time=ASAP,Deliveroo
Mamy Thérèse La Madeleinerie,https://f.roocdn.com/images/menus/37795/header-image.jpg?width=320&height=180&auto=webp&format=jpg&fit=crop&v=1497882174,50,4.55,€€,"[""Sans Gluten"", ""Français"", ""Dessert""]","19 rue Saint Antoine, Paris, 75004",https://deliveroo.fr/menu/paris/4eme-hotel-de-ville/mamy-therese-madeleinerie?day=today&time=ASAP,Deliveroo
Vero L'autre Cantine,https://f.roocdn.com/images/menus/90456/header-image.jpg?width=320&height=180&auto=webp&format=jpg&fit=crop&v=1542109177,14,4.2,€,"[""Français"", ""Sans Gluten"", ""Végétalien"", ""Végétarien""]","30 Rue Popincourt, Paris, 75011",https://deliveroo.fr/menu/paris/11eme-bastille/vero-lautre-cantine?day=today&time=ASAP,Deliveroo
Lula Cantine Bio & Veggie,https://f.roocdn.com/images/menus/38874/header-image.jpg?width=320&height=180&auto=webp&format=jpg&fit=crop&v=1498128218,50,4.6,€€€,"[""Bio"", ""Français""]","216 Rue Saint-Maur, Paris, 75010",https://deliveroo.fr/menu/paris/paris-10eme-gare-de-lest/lula?day=today&time=ASAP,Deliveroo
Humm...Donuts,https://f.roocdn.com/images/menus/27295/header-image.jpg?width=320&height=180&auto=webp&format=jpg&fit=crop&v=1479719927,50,4.1,€€,"[""Américain"", ""Dessert""]","56 Rue la Bruyère, Paris, 75009",https://deliveroo.fr/menu/paris/9eme-opera/hummdonuts?day=today&time=ASAP,Deliveroo
Juicerie,https://f.roocdn.com/images/menus/59370/header-image.jpg?width=320&height=180&auto=webp&format=jpg&fit=crop&v=1522420607,50,4.55,€,"[""Jus"", ""Salade"", ""Français""]","2 rue de la Michodière, Paris, 75002",https://deliveroo.fr/menu/paris/2eme-bourse/la-juicerie?day=today&time=ASAP,Deliveroo
Paris Latino,https://f.roocdn.com/images/menus/80703/header-image.jpg?width=320&height=180&auto=webp&format=jpg&fit=crop&v=1536676933,0,0.0,€€,"[""Salade"", ""Végétarien""]","149 boulevard Voltaire 75011 Paris, Paris, 75011",https://deliveroo.fr/menu/paris/11eme-voltaire/paris-latino?day=today&time=ASAP,Deliveroo
Comtesse du Barry,https://f.roocdn.com/images/menus/18913/header-image.jpg?width=320&height=180&auto=webp&format=jpg&fit=crop&v=1507304413,50,4.2,€€,"[""Alcool"", ""Français""]","93 rue St Antoine, Paris, 75004",https://deliveroo.fr/menu/paris/4eme-hotel-de-ville/comtesse-du-barry-st-antoine?day=today&time=ASAP,Deliveroo
